Temps(ms),Output_pred
200,Phaser_
300,Phaser_
400,Phaser_
500,Phaser_
600,Phaser_
700,Phaser_
800,Phaser_
900,Phaser_
1000,Phaser_
1100,Phaser_
1200,Chorus
1300,Phaser_
1400,Phaser_
1500,Phaser_
1600,Phaser_
1700,Phaser_
1800,Chorus
1900,Chorus
2000,Phaser_
2100,Phaser_
2200,Phaser_
2300,Phaser_
2400,Chorus
2500,Chorus
2600,Phaser_
2700,Phaser_
2800,Chorus
2900,Phaser_
3000,Phaser_
3100,Chorus
3200,Chorus
3300,Phaser_
3400,Phaser_
3500,Phaser_
3600,Phaser_
3700,Phaser_
3800,Chorus
3900,Phaser_
4000,Phaser_
4100,Phaser_
4200,Chorus
4300,Phaser_
4400,Chorus
4500,Chorus
4600,Phaser_
4700,Phaser_
4800,Phaser_
4900,Chorus
5000,Phaser_
5100,Chorus
5200,Phaser_
5300,Phaser_
5400,Phaser_
5500,Phaser_
5600,Nickel-Power
5700,Phaser_
5800,Chorus
5900,Phaser_
6000,Phaser_
6100,Phaser_
6200,Chorus
6300,Phaser_
6400,Phaser_
6500,Phaser_
6600,Phaser_
6700,Phaser_
6800,Phaser_
6900,Phaser_
7000,Phaser_
7100,Phaser_
7200,Phaser_
7300,Phaser_
7400,Phaser_
7500,Phaser_
7600,Phaser_
7700,Phaser_
7800,Phaser_
7900,Phaser_
8000,Phaser_
8100,Phaser_
8200,Chorus
8300,Chorus
8400,Phaser_
8500,Phaser_
8600,Phaser_
8700,Phaser_
8800,Phaser_
8900,Phaser_
9000,Phaser_
9100,Phaser_
9200,Phaser_
9300,Phaser_
9400,Phaser_
9500,Phaser_
9600,Phaser_
9700,Phaser_
9800,Phaser_
9900,Phaser_
10000,Phaser_
10100,Chorus
10200,Phaser_
10300,Phaser_
10400,Chorus
10500,Phaser_
10600,Phaser_
10700,Phaser_
10800,Phaser_
10900,Phaser_
11000,Chorus
11100,Chorus
11200,Phaser_
11300,Phaser_
11400,Phaser_
11500,Phaser_
11600,Phaser_
11700,Phaser_
11800,Phaser_
11900,Phaser_
12000,Phaser_
12100,Phaser_
12200,Phaser_
12300,Phaser_
12400,Phaser_
12500,Phaser_
12600,Phaser_
12700,Phaser_
12800,Phaser_
12900,Phaser_
13000,Phaser_
13100,Phaser_
13200,Phaser_
13300,Phaser_
13400,Phaser_
13500,Phaser_
13600,Phaser_
13700,Phaser_
13800,Phaser_
13900,Phaser_
14000,Phaser_
14100,Phaser_
14200,Phaser_
14300,Phaser_
14400,Phaser_
14500,Phaser_
14600,Phaser_
14700,Phaser_
14800,Reverb
14900,Phaser_
15000,Phaser_
15100,Phaser_
15200,Chorus
15300,Chorus
15400,Phaser_
15500,Chorus
15600,Chorus
15700,Phaser_
15800,Phaser_
15900,Phaser_
16000,Phaser_
16100,Phaser_
16200,Phaser_
16300,Phaser_
16400,Phaser_
16500,Phaser_
16600,Phaser_
16700,Phaser_
16800,Phaser_
16900,Phaser_
17000,Phaser_
17100,Chorus
17200,Chorus
17300,Phaser_
17400,Phaser_
17500,Chorus
17600,Chorus
17700,Phaser_
17800,Chorus
17900,Phaser_
18000,Phaser_
18100,Chorus
18200,Phaser_
18300,Phaser_
18400,Phaser_
18500,Phaser_
18600,Phaser_
18700,Phaser_
18800,Phaser_
18900,Phaser_
19000,Phaser_
19100,Chorus
19200,Phaser_
19300,Phaser_
19400,Phaser_
19500,Phaser_
19600,Phaser_
19700,Chorus
19800,Phaser_
19900,Chorus
20000,Chorus
20100,Phaser_
20200,Phaser_
20300,Chorus
20400,Phaser_
20500,Phaser_
20600,Phaser_
20700,Chorus
20800,Phaser_
20900,Phaser_
21000,Phaser_
21100,Phaser_
21200,Phaser_
21300,Phaser_
21400,Phaser_
21500,Phaser_
21600,Phaser_
21700,Phaser_
21800,Phaser_
21900,Phaser_
22000,Phaser_
22100,Phaser_
22200,Phaser_
22300,Phaser_
22400,Phaser_
22500,Phaser_
22600,Phaser_
22700,Phaser_
22800,Chorus
22900,Phaser_
23000,Phaser_
23100,Phaser_
23200,Phaser_
23300,Phaser_
23400,Phaser_
23500,Phaser_
23600,Phaser_
23700,Phaser_
23800,Phaser_
23900,Phaser_
24000,Phaser_
24100,Phaser_
24200,Phaser_
24300,Phaser_
24400,Phaser_
24500,Phaser_
24600,Phaser_
24700,Phaser_
24800,Phaser_
24900,Phaser_
25000,Phaser_
25100,Phaser_
25200,Phaser_
25300,Phaser_
25400,Phaser_
25500,Phaser_
25600,Phaser_
25700,Phaser_
25800,Phaser_
25900,Phaser_
26000,Chorus
26100,Chorus
26200,Chorus
26300,Phaser_
26400,Phaser_
26500,Phaser_
26600,Chorus
26700,Chorus
26800,Phaser_
26900,Chorus
27000,Chorus
27100,Phaser_
27200,Phaser_
27300,Phaser_
27400,Phaser_
27500,Phaser_
27600,Phaser_
27700,Phaser_
27800,Chorus
27900,Chorus
28000,Phaser_
28100,Chorus
28200,Phaser_
28300,Phaser_
28400,Phaser_
28500,Phaser_
28600,Phaser_
28700,Phaser_
28800,Phaser_
28900,Phaser_
29000,Phaser_
29100,Phaser_
29200,Phaser_
29300,Phaser_
29400,Chorus
29500,Phaser_
29600,Phaser_
29700,Phaser_
29800,Phaser_
29900,Phaser_
30000,Phaser_
30100,Phaser_
30200,Phaser_
30300,Phaser_
30400,Phaser_
30500,Phaser_
30600,Phaser_
30700,Phaser_
30800,Phaser_
30900,Phaser_
31000,Chorus
31100,Chorus
31200,Chorus
31300,Phaser_
31400,Chorus
31500,Chorus
31600,Chorus
31700,Nickel-Power
31800,Nickel-Power
31900,Chorus
32000,Nickel-Power
32100,Chorus
32200,Chorus
32300,Nickel-Power
32400,Chorus
32500,Nickel-Power
32600,Chorus
32700,Chorus
32800,Nickel-Power
32900,Chorus
33000,Chorus
33100,Chorus
33200,Chorus
33300,Chorus
33400,Chorus
33500,Chorus
33600,Chorus
33700,Nickel-Power
33800,Nickel-Power
33900,Chorus
34000,Nickel-Power
34100,Nickel-Power
34200,Chorus
34300,Nickel-Power
34400,Nickel-Power
34500,Chorus
34600,Nickel-Power
34700,Nickel-Power
34800,Nickel-Power
34900,Nickel-Power
35000,Nickel-Power
35100,Chorus
35200,Chorus
35300,Nickel-Power
35400,Nickel-Power
35500,Chorus
35600,Nickel-Power
35700,Chorus
35800,Chorus
35900,Chorus
36000,Chorus
36100,Chorus
36200,Nickel-Power
36300,Nickel-Power
36400,Nickel-Power
36500,Chorus
36600,Chorus
36700,Nickel-Power
36800,Chorus
36900,Nickel-Power
37000,Chorus
37100,Chorus
37200,Reverb
37300,Chorus
37400,Chorus
37500,Phaser_
37600,Nickel-Power
37700,Chorus
37800,Chorus
37900,Chorus
38000,Nickel-Power
38100,Chorus
38200,Chorus
38300,Chorus
38400,Chorus
38500,Nickel-Power
38600,Nickel-Power
38700,Chorus
38800,Chorus
38900,Chorus
39000,Chorus
39100,Reverb
39200,Chorus
39300,Chorus
39400,Reverb
39500,Reverb
39600,Chorus
39700,Chorus
39800,Phaser_
39900,Chorus
40000,Reverb
40100,Reverb
40200,Phaser_
40300,Chorus
40400,Chorus
40500,Chorus
40600,Chorus
40700,Nickel-Power
40800,Chorus
40900,Nickel-Power
41000,Nickel-Power
41100,Nickel-Power
41200,Nickel-Power
41300,Nickel-Power
41400,Chorus
41500,Chorus
41600,Chorus
41700,Chorus
41800,Nickel-Power
41900,Phaser_
42000,Nickel-Power
42100,Nickel-Power
42200,Nickel-Power
42300,Nickel-Power
42400,Nickel-Power
42500,Nickel-Power
42600,Nickel-Power
42700,Nickel-Power
42800,Nickel-Power
42900,Nickel-Power
43000,Phaser_
43100,Phaser_
43200,Nickel-Power
43300,Nickel-Power
43400,Nickel-Power
43500,Nickel-Power
43600,Nickel-Power
43700,Nickel-Power
43800,Nickel-Power
43900,Nickel-Power
44000,Nickel-Power
44100,Nickel-Power
44200,Nickel-Power
44300,Nickel-Power
44400,Nickel-Power
44500,Nickel-Power
44600,Nickel-Power
44700,Nickel-Power
44800,Nickel-Power
44900,Nickel-Power
45000,Nickel-Power
45100,Nickel-Power
45200,Nickel-Power
45300,Nickel-Power
45400,Nickel-Power
45500,Nickel-Power
45600,Nickel-Power
45700,Nickel-Power
45800,Nickel-Power
45900,Nickel-Power
46000,Nickel-Power
46100,Nickel-Power
46200,Nickel-Power
46300,Nickel-Power
46400,Nickel-Power
46500,Nickel-Power
46600,Nickel-Power
46700,Nickel-Power
46800,Nickel-Power
46900,Nickel-Power
47000,Nickel-Power
47100,Nickel-Power
47200,Nickel-Power
47300,Nickel-Power
47400,Nickel-Power
47500,Nickel-Power
47600,Nickel-Power
47700,Nickel-Power
47800,Nickel-Power
47900,Nickel-Power
48000,Nickel-Power
48100,Nickel-Power
48200,Nickel-Power
48300,Nickel-Power
48400,Nickel-Power
48500,Nickel-Power
48600,Nickel-Power
48700,Nickel-Power
48800,Nickel-Power
48900,Nickel-Power
49000,Nickel-Power
49100,Nickel-Power
49200,Nickel-Power
49300,Nickel-Power
49400,Nickel-Power
49500,Nickel-Power
49600,Nickel-Power
49700,Nickel-Power
49800,Nickel-Power
49900,Phaser_
50000,Nickel-Power
50100,Nickel-Power
50200,Nickel-Power
50300,Nickel-Power
50400,Nickel-Power
50500,Nickel-Power
50600,Nickel-Power
50700,Nickel-Power
50800,Nickel-Power
50900,Chorus
51000,Nickel-Power
51100,Nickel-Power
51200,Nickel-Power
51300,Nickel-Power
51400,Nickel-Power
51500,Nickel-Power
51600,Nickel-Power
51700,Nickel-Power
51800,Nickel-Power
51900,Nickel-Power
52000,Nickel-Power
52100,Phaser_
52200,Phaser_
52300,Phaser_
52400,Chorus
52500,Chorus
52600,Phaser_
52700,Nickel-Power
52800,Chorus
52900,Chorus
53000,Nickel-Power
53100,Chorus
53200,Chorus
53300,Nickel-Power
53400,Nickel-Power
53500,Nickel-Power
53600,Nickel-Power
53700,Nickel-Power
53800,Nickel-Power
53900,Nickel-Power
54000,Nickel-Power
54100,Nickel-Power
54200,Nickel-Power
54300,Nickel-Power
54400,Nickel-Power
54500,Nickel-Power
54600,Nickel-Power
54700,Chorus
54800,Nickel-Power
54900,Nickel-Power
55000,Chorus
55100,Chorus
55200,Nickel-Power
55300,Nickel-Power
55400,Nickel-Power
55500,Nickel-Power
55600,Nickel-Power
55700,Nickel-Power
55800,Nickel-Power
55900,Nickel-Power
56000,Nickel-Power
56100,Nickel-Power
56200,Nickel-Power
56300,Nickel-Power
56400,Nickel-Power
56500,Nickel-Power
56600,Nickel-Power
56700,Nickel-Power
56800,Nickel-Power
56900,Nickel-Power
57000,Nickel-Power
57100,Nickel-Power
57200,Nickel-Power
57300,Nickel-Power
57400,Nickel-Power
57500,Nickel-Power
57600,Nickel-Power
57700,Nickel-Power
57800,Nickel-Power
57900,Nickel-Power
58000,Phaser_
58100,Nickel-Power
58200,Nickel-Power
58300,Nickel-Power
58400,Nickel-Power
58500,Chorus
58600,Phaser_
58700,Nickel-Power
58800,Nickel-Power
58900,Nickel-Power
59000,Nickel-Power
59100,Nickel-Power
59200,Nickel-Power
59300,Nickel-Power
59400,Nickel-Power
59500,Nickel-Power
59600,Nickel-Power
59700,Nickel-Power
59800,Nickel-Power
59900,Nickel-Power
60000,Nickel-Power
60100,Nickel-Power
60200,Nickel-Power
60300,Nickel-Power
60400,Nickel-Power
60500,Nickel-Power
60600,Nickel-Power
60700,Nickel-Power
60800,Nickel-Power
60900,Chorus
61000,Chorus
61100,Phaser_
61200,Chorus
61300,Nickel-Power
61400,Nickel-Power
61500,Nickel-Power
61600,Nickel-Power
61700,Nickel-Power
61800,Nickel-Power
61900,Nickel-Power
62000,Chorus
62100,Chorus
62200,Nickel-Power
62300,Chorus
62400,Chorus
62500,Nickel-Power
62600,Nickel-Power
62700,Chorus
62800,Chorus
62900,Nickel-Power
63000,Chorus
63100,Chorus
63200,Chorus
63300,Nickel-Power
63400,Chorus
63500,Nickel-Power
63600,Nickel-Power
63700,Chorus
63800,Chorus
63900,Nickel-Power
64000,Chorus
64100,Nickel-Power
64200,Nickel-Power
64300,Nickel-Power
64400,Chorus
64500,Chorus
64600,Nickel-Power
64700,Chorus
64800,Nickel-Power
64900,Nickel-Power
65000,Chorus
65100,Chorus
65200,Nickel-Power
65300,Chorus
65400,Chorus
65500,Chorus
65600,Chorus
65700,Phaser_
65800,Chorus
65900,Chorus
66000,Phaser_
66100,Chorus
66200,Chorus
66300,Chorus
66400,Chorus
66500,Nickel-Power
66600,Chorus
66700,Chorus
66800,Chorus
66900,Chorus
67000,Phaser_
67100,Chorus
67200,Chorus
67300,Chorus
67400,Chorus
67500,Chorus
67600,Chorus
67700,Phaser_
67800,Chorus
67900,Chorus
68000,Chorus
68100,Chorus
68200,Chorus
68300,Chorus
68400,Chorus
68500,Chorus
68600,Chorus
68700,Chorus
68800,Chorus
68900,Chorus
69000,Chorus
69100,Chorus
69200,Chorus
69300,Chorus
69400,Chorus
69500,Chorus
69600,Chorus
69700,Nickel-Power
69800,Nickel-Power
69900,Chorus
70000,Chorus
70100,Chorus
70200,Chorus
70300,Chorus
70400,Chorus
70500,Chorus
70600,Chorus
70700,Chorus
70800,Nickel-Power
70900,Phaser_
71000,Chorus
71100,Nickel-Power
71200,Chorus
71300,Nickel-Power
71400,Chorus
71500,Chorus
71600,Chorus
71700,Chorus
71800,Chorus
71900,Chorus
72000,Chorus
72100,Nickel-Power
72200,Chorus
72300,Nickel-Power
72400,Nickel-Power
72500,Chorus
72600,Nickel-Power
72700,Nickel-Power
72800,Chorus
72900,Chorus
73000,Nickel-Power
73100,Chorus
73200,Nickel-Power
73300,Nickel-Power
73400,Nickel-Power
73500,Chorus
73600,Nickel-Power
73700,Nickel-Power
73800,Chorus
73900,Nickel-Power
74000,Nickel-Power
74100,Chorus
74200,Chorus
74300,Chorus
74400,Chorus
74500,Nickel-Power
74600,Nickel-Power
74700,Chorus
74800,Chorus
74900,Nickel-Power
75000,Chorus
75100,Chorus
75200,Nickel-Power
75300,Nickel-Power
75400,Phaser_
75500,Chorus
75600,Phaser_
75700,Phaser_
75800,Chorus
75900,Chorus
76000,Chorus
76100,Chorus
76200,Nickel-Power
76300,Chorus
76400,Chorus
76500,Chorus
76600,Nickel-Power
76700,Chorus
76800,Chorus
76900,Nickel-Power
77000,Chorus
77100,Chorus
77200,Chorus
77300,Chorus
77400,Chorus
77500,Nickel-Power
77600,Nickel-Power
77700,Chorus
77800,Nickel-Power
77900,Chorus
78000,Chorus
78100,Chorus
78200,Nickel-Power
78300,Chorus
78400,Chorus
78500,Nickel-Power
78600,Chorus
78700,Chorus
78800,Nickel-Power
78900,Chorus
79000,Chorus
79100,Chorus
79200,Chorus
79300,Chorus
79400,Chorus
79500,Nickel-Power
79600,Chorus
79700,Nickel-Power
79800,Chorus
79900,Chorus
80000,Chorus
80100,Nickel-Power
80200,Nickel-Power
80300,Nickel-Power
80400,Nickel-Power
80500,Chorus
80600,Chorus
80700,Chorus
80800,Nickel-Power
80900,Chorus
81000,Nickel-Power
81100,Nickel-Power
81200,Chorus
81300,Chorus
81400,Nickel-Power
81500,Chorus
81600,Chorus
81700,Nickel-Power
81800,Chorus
81900,Chorus
82000,Nickel-Power
82100,Chorus
82200,Nickel-Power
82300,Nickel-Power
82400,Chorus
82500,Chorus
82600,Chorus
82700,Chorus
82800,Chorus
82900,Chorus
83000,Nickel-Power
83100,Chorus
83200,Chorus
83300,Nickel-Power
83400,Chorus
83500,Chorus
83600,Chorus
83700,Chorus
83800,Chorus
83900,Chorus
84000,Chorus
84100,Chorus
84200,Chorus
84300,Chorus
84400,Chorus
84500,Chorus
84600,Chorus
84700,Chorus
84800,Chorus
84900,Chorus
85000,Chorus
85100,Chorus
85200,Nickel-Power
85300,Nickel-Power
85400,Chorus
85500,Chorus
85600,Chorus
85700,Phaser_
85800,Chorus
85900,Chorus
86000,Chorus
86100,Chorus
86200,Nickel-Power
86300,Chorus
86400,Chorus
86500,Chorus
86600,Chorus
86700,Chorus
86800,Chorus
86900,Chorus
87000,Chorus
87100,Chorus
87200,Chorus
87300,Chorus
87400,Chorus
87500,Chorus
87600,Chorus
87700,Nickel-Power
87800,Nickel-Power
87900,Chorus
88000,Chorus
88100,Nickel-Power
88200,Chorus
88300,Chorus
88400,Chorus
88500,Chorus
88600,Nickel-Power
88700,Chorus
88800,Chorus
88900,Chorus
89000,Chorus
89100,Nickel-Power
89200,Chorus
89300,Nickel-Power
89400,Nickel-Power
89500,Chorus
89600,Chorus
89700,Chorus
89800,Chorus
89900,Nickel-Power
90000,Nickel-Power
90100,Chorus
90200,Nickel-Power
90300,Nickel-Power
90400,Chorus
90500,Nickel-Power
90600,Nickel-Power
90700,Nickel-Power
90800,Chorus
90900,Chorus
91000,Nickel-Power
91100,Chorus
91200,Chorus
91300,Chorus
91400,Chorus
91500,Phaser_
91600,Nickel-Power
91700,Chorus
91800,Chorus
91900,Chorus
92000,Chorus
92100,Chorus
92200,Chorus
92300,Nickel-Power
92400,Chorus
92500,Chorus
92600,Chorus
92700,Chorus
92800,Chorus
92900,Chorus
93000,Chorus
93100,Chorus
93200,Chorus
93300,Chorus
93400,Chorus
93500,Nickel-Power
93600,Nickel-Power
93700,Phaser_
93800,Chorus
93900,Chorus
94000,Chorus
94100,Chorus
94200,Nickel-Power
94300,Chorus
94400,Nickel-Power
94500,Nickel-Power
94600,Chorus
94700,Chorus
94800,Nickel-Power
94900,Nickel-Power
95000,Nickel-Power
95100,Chorus
95200,Chorus
95300,Chorus
95400,Nickel-Power
95500,Nickel-Power
95600,Nickel-Power
95700,Nickel-Power
95800,Nickel-Power
95900,Chorus
96000,Chorus
96100,Nickel-Power
96200,Chorus
96300,Chorus
96400,Chorus
96500,Chorus
96600,Chorus
96700,Nickel-Power
96800,Chorus
96900,Chorus
97000,Chorus
97100,Chorus
97200,Chorus
97300,Chorus
97400,Nickel-Power
97500,Chorus
97600,Nickel-Power
97700,Nickel-Power
97800,Chorus
97900,Chorus
98000,Nickel-Power
98100,Chorus
98200,Nickel-Power
98300,Chorus
98400,Chorus
98500,Chorus
98600,Nickel-Power
98700,Chorus
98800,Nickel-Power
98900,Chorus
99000,Nickel-Power
99100,Chorus
99200,Chorus
99300,Nickel-Power
99400,Chorus
99500,Chorus
99600,Nickel-Power
99700,Chorus
99800,Chorus
99900,Chorus
100000,Chorus
100100,Nickel-Power
100200,Chorus
100300,Chorus
100400,Chorus
100500,Nickel-Power
100600,Chorus
100700,Nickel-Power
100800,Nickel-Power
100900,Nickel-Power
101000,Chorus
101100,Nickel-Power
101200,Nickel-Power
101300,Nickel-Power
101400,Nickel-Power
101500,Nickel-Power
101600,Nickel-Power
101700,Nickel-Power
101800,Chorus
101900,Chorus
102000,Nickel-Power
102100,Chorus
102200,Chorus
102300,Chorus
102400,Chorus
102500,Chorus
102600,Nickel-Power
102700,Nickel-Power
102800,Nickel-Power
102900,Nickel-Power
103000,Nickel-Power
103100,Nickel-Power
103200,Chorus
103300,Chorus
103400,Chorus
103500,Nickel-Power
103600,Nickel-Power
103700,Nickel-Power
103800,Nickel-Power
103900,Nickel-Power
104000,Nickel-Power
104100,Nickel-Power
104200,Nickel-Power
104300,Nickel-Power
104400,Chorus
104500,Chorus
104600,Chorus
104700,Chorus
104800,Chorus
104900,Nickel-Power
105000,Nickel-Power
105100,Nickel-Power
105200,Nickel-Power
105300,Nickel-Power
105400,Nickel-Power
105500,Nickel-Power
105600,Nickel-Power
105700,Nickel-Power
105800,Nickel-Power
105900,Chorus
106000,Chorus
106100,Chorus
106200,Nickel-Power
106300,Nickel-Power
106400,Nickel-Power
106500,Nickel-Power
106600,Nickel-Power
106700,Nickel-Power
106800,Nickel-Power
106900,Nickel-Power
107000,Nickel-Power
107100,Nickel-Power
107200,Nickel-Power
107300,Chorus
107400,Chorus
107500,Chorus
107600,Chorus
107700,Nickel-Power
107800,Chorus
107900,Chorus
108000,Chorus
108100,Chorus
108200,Chorus
108300,Chorus
108400,Nickel-Power
108500,Nickel-Power
108600,Nickel-Power
108700,Nickel-Power
108800,Nickel-Power
108900,Nickel-Power
109000,Nickel-Power
109100,Nickel-Power
109200,Nickel-Power
109300,Nickel-Power
109400,Nickel-Power
109500,Nickel-Power
109600,Nickel-Power
109700,Nickel-Power
109800,Nickel-Power
109900,Chorus
110000,Chorus
110100,Nickel-Power
110200,Nickel-Power
110300,Nickel-Power
110400,Nickel-Power
110500,Nickel-Power
110600,Chorus
110700,Chorus
110800,Chorus
110900,Nickel-Power
111000,Nickel-Power
111100,Nickel-Power
111200,Nickel-Power
111300,Chorus
111400,Chorus
111500,Chorus
111600,Nickel-Power
111700,Nickel-Power
111800,Nickel-Power
111900,Nickel-Power
112000,Nickel-Power
112100,Nickel-Power
112200,Nickel-Power
112300,Nickel-Power
112400,Nickel-Power
112500,Chorus
112600,Nickel-Power
112700,Chorus
112800,Chorus
112900,Chorus
113000,Chorus
113100,Chorus
113200,Phaser_
113300,Phaser_
113400,Chorus
113500,Chorus
113600,Chorus
113700,Chorus
113800,Chorus
113900,Chorus
114000,Chorus
114100,Chorus
114200,Chorus
114300,Chorus
114400,Chorus
114500,Chorus
114600,Chorus
114700,Phaser_
114800,Phaser_
114900,Phaser_
115000,Phaser_
115100,Phaser_
115200,Chorus
115300,Phaser_
115400,Phaser_
115500,Phaser_
115600,Phaser_
115700,Phaser_
115800,Chorus
115900,Chorus
116000,Phaser_
116100,Chorus
116200,Chorus
116300,Phaser_
116400,Phaser_
116500,Phaser_
116600,Phaser_
116700,Phaser_
116800,Phaser_
116900,Phaser_
117000,Phaser_
117100,Phaser_
117200,Phaser_
117300,Phaser_
117400,Phaser_
117500,Phaser_
117600,Phaser_
117700,Phaser_
117800,Phaser_
117900,Chorus
118000,Phaser_
118100,Phaser_
118200,Phaser_
118300,Phaser_
118400,Phaser_
118500,Phaser_
118600,Phaser_
118700,Phaser_
118800,Phaser_
118900,Chorus
119000,Phaser_
119100,Chorus
119200,Phaser_
119300,Chorus
119400,Phaser_
119500,Phaser_
119600,Phaser_
119700,Phaser_
119800,Phaser_
119900,Phaser_
120000,Phaser_
120100,Phaser_
120200,Phaser_
120300,Phaser_
120400,Phaser_
120500,Phaser_
120600,Chorus
120700,Phaser_
120800,Phaser_
120900,Phaser_
121000,Phaser_
121100,Phaser_
121200,Phaser_
121300,Phaser_
121400,Phaser_
121500,Phaser_
121600,Phaser_
121700,Chorus
121800,Phaser_
121900,Phaser_
122000,Phaser_
122100,Phaser_
122200,Phaser_
122300,Phaser_
122400,Phaser_
122500,Phaser_
122600,Chorus
122700,Chorus
122800,Chorus
122900,Chorus
123000,Phaser_
123100,Phaser_
123200,Phaser_
123300,Phaser_
123400,Phaser_
123500,Phaser_
123600,Phaser_
123700,Phaser_
123800,Chorus
123900,Chorus
124000,Chorus
124100,Chorus
124200,Chorus
124300,Chorus
124400,Chorus
124500,Phaser_
124600,Chorus
124700,Nickel-Power
124800,Chorus
124900,Chorus
125000,Chorus
125100,Chorus
125200,Chorus
125300,Chorus
125400,Nickel-Power
125500,Chorus
125600,Chorus
125700,Chorus
125800,Chorus
125900,Chorus
126000,Chorus
126100,Chorus
126200,Chorus
126300,Chorus
126400,Chorus
126500,Chorus
126600,Chorus
126700,Chorus
126800,Chorus
126900,Chorus
127000,Chorus
127100,Chorus
127200,Chorus
127300,Chorus
127400,Chorus
127500,Chorus
127600,Chorus
127700,Chorus
127800,Reverb
127900,Chorus
128000,Chorus
128100,Chorus
128200,Chorus
128300,Chorus
128400,Chorus
128500,Chorus
128600,Chorus
128700,Chorus
128800,Chorus
128900,Chorus
129000,Chorus
129100,Chorus
129200,Nickel-Power
129300,Chorus
129400,Chorus
129500,Chorus
129600,Chorus
129700,Chorus
129800,Chorus
129900,Chorus
130000,Chorus
130100,Chorus
130200,Chorus
130300,Chorus
130400,Chorus
130500,Chorus
130600,Chorus
130700,Chorus
130800,Chorus
130900,Nickel-Power
131000,Chorus
131100,Chorus
131200,Nickel-Power
131300,Chorus
131400,Chorus
131500,Chorus
131600,Chorus
131700,Chorus
131800,Chorus
131900,Chorus
132000,Chorus
132100,Chorus
132200,Chorus
132300,Chorus
132400,Phaser_
132500,Chorus
132600,Chorus
132700,Chorus
132800,Chorus
132900,Chorus
133000,Chorus
133100,Chorus
133200,Chorus
133300,Chorus
133400,Chorus
133500,Nickel-Power
133600,Chorus
133700,Nickel-Power
133800,Nickel-Power
133900,Chorus
134000,Nickel-Power
134100,Nickel-Power
134200,Chorus
134300,Chorus
134400,Chorus
134500,Chorus
134600,Chorus
134700,Chorus
134800,Nickel-Power
134900,Chorus
135000,Nickel-Power
135100,Nickel-Power
135200,Chorus
135300,Chorus
135400,Chorus
135500,Chorus
135600,Chorus
135700,Chorus
135800,Chorus
135900,Chorus
136000,Chorus
136100,Chorus
136200,Chorus
136300,Chorus
136400,Chorus
136500,Chorus
136600,Chorus
136700,Chorus
136800,Chorus
136900,Chorus
137000,Phaser_
137100,Chorus
137200,Nickel-Power
137300,Chorus
137400,Chorus
137500,Chorus
137600,Chorus
137700,Chorus
137800,Chorus
137900,Chorus
138000,Chorus
138100,Chorus
138200,Chorus
138300,Chorus
138400,Chorus
138500,Chorus
138600,Chorus
138700,Phaser_
138800,Nickel-Power
138900,Nickel-Power
139000,Nickel-Power
139100,Chorus
139200,Nickel-Power
139300,Chorus
139400,Chorus
139500,Nickel-Power
139600,Nickel-Power
139700,Chorus
139800,Nickel-Power
139900,Chorus
140000,Chorus
140100,Chorus
140200,Nickel-Power
140300,Chorus
140400,Chorus
140500,Nickel-Power
140600,Chorus
140700,Chorus
140800,Chorus
140900,Chorus
141000,Chorus
141100,Chorus
141200,Chorus
141300,Chorus
141400,Chorus
141500,Nickel-Power
141600,Nickel-Power
141700,Chorus
141800,Nickel-Power
141900,Chorus
142000,Chorus
142100,Nickel-Power
142200,Nickel-Power
142300,Chorus
142400,Nickel-Power
142500,Nickel-Power
142600,Chorus
142700,Chorus
142800,Chorus
142900,Chorus
143000,Chorus
143100,Chorus
143200,Chorus
143300,Chorus
143400,Chorus
143500,Chorus
143600,Chorus
143700,Chorus
143800,Chorus
143900,Chorus
144000,Chorus
144100,Nickel-Power
144200,Chorus
144300,Chorus
144400,Chorus
144500,Chorus
144600,Chorus
144700,Chorus
144800,Chorus
144900,Chorus
145000,Chorus
145100,Chorus
145200,Phaser_
145300,Chorus
145400,Chorus
145500,Chorus
145600,Chorus
145700,Chorus
145800,Chorus
145900,Chorus
146000,Chorus
146100,Phaser_
146200,Chorus
146300,Nickel-Power
146400,Nickel-Power
146500,Chorus
146600,Nickel-Power
146700,Chorus
146800,Chorus
146900,Chorus
147000,Chorus
147100,Chorus
147200,Chorus
147300,Chorus
147400,Chorus
147500,Chorus
147600,Chorus
147700,Phaser_
147800,Chorus
147900,Chorus
148000,Chorus
148100,Chorus
148200,Chorus
148300,Nickel-Power
148400,Chorus
148500,Chorus
148600,Nickel-Power
148700,Chorus
148800,Chorus
148900,Nickel-Power
149000,Nickel-Power
149100,Chorus
149200,Chorus
149300,Chorus
149400,Chorus
149500,Chorus
149600,Chorus
149700,Chorus
149800,Chorus
149900,Chorus
150000,Chorus
150100,Chorus
150200,Chorus
150300,Chorus
150400,Chorus
150500,Chorus
150600,Chorus
150700,Chorus
150800,Nickel-Power
150900,Nickel-Power
151000,Chorus
151100,Nickel-Power
151200,Nickel-Power
151300,Chorus
151400,Chorus
151500,Nickel-Power
151600,Chorus
151700,Phaser_
151800,Chorus
151900,Chorus
152000,Chorus
152100,Chorus
152200,Nickel-Power
152300,Chorus
152400,Chorus
152500,Chorus
152600,Chorus
152700,Chorus
152800,Chorus
152900,Chorus
153000,Chorus
153100,Chorus
153200,Chorus
153300,Chorus
153400,Chorus
153500,Chorus
153600,Chorus
153700,Chorus
153800,Chorus
153900,Nickel-Power
154000,Chorus
154100,Chorus
154200,Chorus
154300,Chorus
154400,Chorus
154500,Chorus
154600,Chorus
154700,Chorus
154800,Chorus
154900,Chorus
155000,Chorus
155100,Chorus
155200,Chorus
155300,Chorus
155400,Chorus
155500,Chorus
155600,Chorus
155700,Chorus
155800,Chorus
155900,Chorus
156000,Chorus
156100,Chorus
156200,Chorus
156300,Chorus
156400,Chorus
156500,Chorus
156600,Chorus
156700,Chorus
156800,Chorus
156900,Chorus
157000,Chorus
157100,Chorus
157200,Nickel-Power
157300,Chorus
157400,Chorus
157500,Chorus
157600,Chorus
157700,Chorus
157800,Chorus
157900,Chorus
158000,Chorus
158100,Chorus
158200,Chorus
158300,Chorus
158400,Chorus
158500,Chorus
158600,Chorus
158700,Chorus
158800,Nickel-Power
158900,Chorus
159000,Chorus
159100,Chorus
159200,Chorus
159300,Chorus
159400,Chorus
159500,Chorus
159600,Chorus
159700,Chorus
159800,Chorus
159900,Chorus
160000,Chorus
160100,Chorus
160200,Chorus
160300,Chorus
160400,Chorus
160500,Chorus
160600,Chorus
160700,Chorus
160800,Chorus
160900,Chorus
161000,Chorus
161100,Chorus
161200,Chorus
161300,Nickel-Power
161400,Nickel-Power
161500,Chorus
161600,Chorus
161700,Nickel-Power
161800,Chorus
161900,Chorus
162000,Nickel-Power
162100,Chorus
162200,Chorus
162300,Nickel-Power
162400,Nickel-Power
162500,Chorus
162600,Nickel-Power
162700,Chorus
162800,Chorus
162900,Chorus
163000,Nickel-Power
163100,Chorus
163200,Chorus
163300,Nickel-Power
163400,Chorus
163500,Chorus
163600,Nickel-Power
163700,Chorus
163800,Chorus
163900,Nickel-Power
164000,Nickel-Power
164100,Chorus
164200,Chorus
164300,Chorus
164400,Chorus
164500,Nickel-Power
164600,Nickel-Power
164700,Chorus
164800,Chorus
164900,Nickel-Power
165000,Nickel-Power
165100,Chorus
165200,Nickel-Power
165300,Nickel-Power
165400,Phaser_
165500,Phaser_
165600,Chorus
165700,Chorus
165800,Phaser_
165900,Phaser_
166000,Chorus
166100,Chorus
166200,Chorus
166300,Chorus
166400,Chorus
166500,Chorus
166600,Chorus
166700,Phaser_
166800,Phaser_
166900,Nickel-Power
167000,Chorus
167100,Nickel-Power
167200,Nickel-Power
167300,Chorus
167400,Chorus
167500,Chorus
167600,Nickel-Power
167700,Chorus
167800,Nickel-Power
167900,Nickel-Power
168000,Chorus
168100,Chorus
168200,Nickel-Power
168300,Chorus
168400,Nickel-Power
168500,Nickel-Power
168600,Nickel-Power
168700,Chorus
168800,Nickel-Power
168900,Nickel-Power
169000,Chorus
169100,Nickel-Power
169200,Nickel-Power
169300,Chorus
169400,Chorus
169500,Nickel-Power
169600,Nickel-Power
169700,Nickel-Power
169800,Nickel-Power
169900,Nickel-Power
170000,Chorus
170100,Nickel-Power
170200,Nickel-Power
170300,Chorus
170400,Nickel-Power
170500,Nickel-Power
170600,Chorus
170700,Chorus
170800,Chorus
170900,Nickel-Power
171000,Nickel-Power
171100,Nickel-Power
171200,Nickel-Power
171300,Phaser_
171400,Nickel-Power
171500,Nickel-Power
171600,Phaser_
171700,Phaser_
171800,Phaser_
171900,Chorus
172000,Phaser_
172100,Chorus
172200,Chorus
172300,Nickel-Power
172400,Nickel-Power
172500,Nickel-Power
172600,Chorus
172700,Nickel-Power
172800,Nickel-Power
172900,Chorus
173000,Nickel-Power
173100,Nickel-Power
173200,Chorus
173300,Nickel-Power
173400,Nickel-Power
173500,Nickel-Power
173600,Nickel-Power
173700,Nickel-Power
173800,Nickel-Power
173900,Chorus
174000,Nickel-Power
174100,Chorus
174200,Nickel-Power
174300,Nickel-Power
174400,Nickel-Power
174500,Chorus
174600,Chorus
174700,Nickel-Power
174800,Nickel-Power
174900,Nickel-Power
175000,Nickel-Power
175100,Nickel-Power
175200,Chorus
175300,Nickel-Power
175400,Nickel-Power
175500,Chorus
175600,Nickel-Power
175700,Nickel-Power
175800,Nickel-Power
175900,Nickel-Power
176000,Nickel-Power
176100,Nickel-Power
176200,Nickel-Power
176300,Nickel-Power
176400,Nickel-Power
176500,Nickel-Power
176600,Nickel-Power
176700,Nickel-Power
176800,Nickel-Power
176900,Nickel-Power
177000,Nickel-Power
177100,Chorus
177200,Chorus
177300,Nickel-Power
177400,Nickel-Power
177500,Nickel-Power
177600,Nickel-Power
177700,Nickel-Power
177800,Chorus
177900,Nickel-Power
178000,Nickel-Power
178100,Nickel-Power
178200,Nickel-Power
178300,Nickel-Power
178400,Nickel-Power
178500,Nickel-Power
178600,Nickel-Power
178700,Chorus
178800,Chorus
178900,Chorus
179000,Chorus
179100,Chorus
179200,Chorus
179300,Chorus
179400,Nickel-Power
179500,Nickel-Power
179600,Nickel-Power
179700,Chorus
179800,Nickel-Power
179900,Nickel-Power
180000,Nickel-Power
180100,Nickel-Power
180200,Nickel-Power
180300,Chorus
180400,Nickel-Power
180500,Nickel-Power
180600,Nickel-Power
180700,Nickel-Power
180800,Nickel-Power
180900,Nickel-Power
181000,Nickel-Power
181100,Nickel-Power
181200,Nickel-Power
181300,Nickel-Power
181400,Nickel-Power
181500,Chorus
181600,Chorus
181700,Nickel-Power
181800,Nickel-Power
181900,Chorus
182000,Nickel-Power
182100,Nickel-Power
182200,Nickel-Power
182300,Nickel-Power
182400,Nickel-Power
182500,Nickel-Power
182600,Nickel-Power
182700,Nickel-Power
182800,Nickel-Power
182900,Nickel-Power
183000,Nickel-Power
183100,Nickel-Power
183200,Nickel-Power
183300,Nickel-Power
183400,Nickel-Power
183500,Nickel-Power
183600,Nickel-Power
183700,Nickel-Power
183800,Nickel-Power
183900,Chorus
184000,Chorus
184100,Chorus
184200,Chorus
184300,Chorus
184400,Nickel-Power
184500,Nickel-Power
184600,Nickel-Power
184700,Nickel-Power
184800,Chorus
184900,Chorus
185000,Chorus
185100,Chorus
185200,Nickel-Power
185300,Chorus
185400,Chorus
185500,Chorus
185600,Chorus
185700,Nickel-Power
185800,Nickel-Power
185900,Nickel-Power
186000,Nickel-Power
186100,Chorus
186200,Nickel-Power
186300,Nickel-Power
186400,Nickel-Power
186500,Nickel-Power
186600,Chorus
186700,Chorus
186800,Chorus
186900,Nickel-Power
187000,Nickel-Power
187100,Nickel-Power
187200,Nickel-Power
187300,Nickel-Power
187400,Nickel-Power
187500,Nickel-Power
187600,Nickel-Power
187700,Nickel-Power
187800,Nickel-Power
187900,Nickel-Power
188000,Nickel-Power
188100,Nickel-Power
188200,Nickel-Power
188300,Nickel-Power
188400,Nickel-Power
188500,Nickel-Power
188600,Nickel-Power
188700,Nickel-Power
188800,Nickel-Power
188900,Nickel-Power
189000,Nickel-Power
189100,Chorus
189200,Chorus
189300,Chorus
189400,Chorus
189500,Chorus
189600,Nickel-Power
189700,Nickel-Power
189800,Nickel-Power
189900,Nickel-Power
190000,Nickel-Power
190100,Nickel-Power
190200,Nickel-Power
190300,Nickel-Power
190400,Nickel-Power
190500,Nickel-Power
190600,Nickel-Power
190700,Nickel-Power
190800,Phaser_
190900,Nickel-Power
191000,Nickel-Power
191100,Nickel-Power
191200,Nickel-Power
191300,Nickel-Power
191400,Nickel-Power
191500,Nickel-Power
191600,Phaser_
191700,Nickel-Power
191800,Nickel-Power
191900,Nickel-Power
192000,Phaser_
192100,Phaser_
192200,Phaser_
192300,Phaser_
192400,Chorus
192500,Chorus
192600,Chorus
192700,Phaser_
192800,Phaser_
192900,Phaser_
193000,Chorus
193100,Chorus
193200,Chorus
193300,Chorus
193400,Phaser_
193500,Phaser_
193600,Chorus
193700,Chorus
193800,Chorus
193900,Chorus
194000,Chorus
194100,Phaser_
194200,Chorus
194300,Chorus
194400,Chorus
194500,Chorus
194600,Chorus
194700,Reverb
194800,Chorus
194900,Chorus
195000,Chorus
195100,Chorus
195200,Chorus
195300,Chorus
195400,Chorus
195500,Chorus
195600,Chorus
195700,Chorus
195800,Chorus
195900,Chorus
196000,Reverb
196100,Chorus
196200,Chorus
196300,Chorus
196400,Chorus
196500,Chorus
196600,Chorus
196700,Chorus
196800,Chorus
196900,Chorus
197000,Chorus
197100,Chorus
197200,Nickel-Power
197300,Chorus
197400,Phaser_
197500,Nickel-Power
197600,Chorus
197700,Chorus
197800,Chorus
197900,Nickel-Power
198000,Phaser_
198100,Nickel-Power
198200,Nickel-Power
198300,Chorus
198400,Chorus
198500,Nickel-Power
198600,Nickel-Power
198700,Phaser_
198800,Nickel-Power
198900,Phaser_
199000,Nickel-Power
199100,Nickel-Power
199200,Nickel-Power
199300,Phaser_
199400,Nickel-Power
199500,Nickel-Power
199600,Chorus
199700,Phaser_
199800,Nickel-Power
199900,Phaser_
200000,Nickel-Power
